Competence,TypeTag,Tag,AnnotationTime,FinalAnnotationTime,Game,User,SequenceOrder,Level,Group,Replay
prim_shapes,Global,4,,,Shadowspect,redbed,18,Bird Fez,VeraD,Bird Fez~1
scale_shapes,Global,2,,,Shadowspect,redbed,18,Bird Fez,VeraD,Bird Fez~1
snapshots,Global,4,,,Shadowspect,redbed,18,Bird Fez,VeraD,Bird Fez~1
cam_perspective,Global,2,,,Shadowspect,redbed,18,Bird Fez,VeraD,Bird Fez~1
action_seq,Global,2,,,Shadowspect,redbed,18,Bird Fez,VeraD,Bird Fez~1
rotation,Global,3,,,Shadowspect,redbed,18,Bird Fez,VeraD,Bird Fez~1
locate_shapes,Global,2,,,Shadowspect,redbed,18,Bird Fez,VeraD,Bird Fez~1
rotation,Global,0,,,Shadowspect,redbed,19,Pi Henge,VeraD,Pi Henge~1
cam_perspective,Global,3,,,Shadowspect,redbed,19,Pi Henge,VeraD,Pi Henge~1
snapshots,Global,4,,,Shadowspect,redbed,19,Pi Henge,VeraD,Pi Henge~1
prim_shapes,Global,4,,,Shadowspect,redbed,19,Pi Henge,VeraD,Pi Henge~1
scale_shapes,Global,4,,,Shadowspect,redbed,19,Pi Henge,VeraD,Pi Henge~1
locate_shapes,Global,3,,,Shadowspect,redbed,19,Pi Henge,VeraD,Pi Henge~1
action_seq,Global,3,,,Shadowspect,redbed,19,Pi Henge,VeraD,Pi Henge~1
rotation,Global,4,,,Shadowspect,redbed,20,45-Degree Rotations,VeraD,45-Degree Rotations~1
cam_perspective,Global,3,,,Shadowspect,redbed,20,45-Degree Rotations,VeraD,45-Degree Rotations~1
snapshots,Global,4,,,Shadowspect,redbed,20,45-Degree Rotations,VeraD,45-Degree Rotations~1
prim_shapes,Global,0,,,Shadowspect,redbed,20,45-Degree Rotations,VeraD,45-Degree Rotations~1
scale_shapes,Global,0,,,Shadowspect,redbed,20,45-Degree Rotations,VeraD,45-Degree Rotations~1
locate_shapes,Global,4,,,Shadowspect,redbed,20,45-Degree Rotations,VeraD,45-Degree Rotations~1
action_seq,Global,4,,,Shadowspect,redbed,20,45-Degree Rotations,VeraD,45-Degree Rotations~1
rotation,Global,2,,,Shadowspect,redbed,29,Pyramids are Strange,VeraD,Pyramids are Strange~2
cam_perspective,Global,2,,,Shadowspect,redbed,29,Pyramids are Strange,VeraD,Pyramids are Strange~2
snapshots,Global,1,,,Shadowspect,redbed,29,Pyramids are Strange,VeraD,Pyramids are Strange~2
prim_shapes,Global,0,,,Shadowspect,redbed,29,Pyramids are Strange,VeraD,Pyramids are Strange~2
scale_shapes,Global,4,,,Shadowspect,redbed,29,Pyramids are Strange,VeraD,Pyramids are Strange~2
locate_shapes,Global,4,,,Shadowspect,redbed,29,Pyramids are Strange,VeraD,Pyramids are Strange~2
action_seq,Global,2,,,Shadowspect,redbed,29,Pyramids are Strange,VeraD,Pyramids are Strange~2
rotation,Global,4,,,Shadowspect,Water_Bottle,15,Bird Fez,VeraD,Bird Fez~2
cam_perspective,Global,2,,,Shadowspect,Water_Bottle,15,Bird Fez,VeraD,Bird Fez~2
snapshots,Global,3,,,Shadowspect,Water_Bottle,15,Bird Fez,VeraD,Bird Fez~2
prim_shapes,Global,4,,,Shadowspect,Water_Bottle,15,Bird Fez,VeraD,Bird Fez~2
scale_shapes,Global,4,,,Shadowspect,Water_Bottle,15,Bird Fez,VeraD,Bird Fez~2
locate_shapes,Global,3,,,Shadowspect,Water_Bottle,15,Bird Fez,VeraD,Bird Fez~2
action_seq,Global,3,,,Shadowspect,Water_Bottle,15,Bird Fez,VeraD,Bird Fez~2
rotation,Global,0,,,Shadowspect,Water_Bottle,16,Pi Henge,VeraD,Pi Henge~1
cam_perspective,Global,3,,,Shadowspect,Water_Bottle,16,Pi Henge,VeraD,Pi Henge~1
snapshots,Global,4,,,Shadowspect,Water_Bottle,16,Pi Henge,VeraD,Pi Henge~1
prim_shapes,Global,2,,,Shadowspect,Water_Bottle,16,Pi Henge,VeraD,Pi Henge~1
scale_shapes,Global,2,,,Shadowspect,Water_Bottle,16,Pi Henge,VeraD,Pi Henge~1
locate_shapes,Global,4,,,Shadowspect,Water_Bottle,16,Pi Henge,VeraD,Pi Henge~1
action_seq,Global,2,,,Shadowspect,Water_Bottle,16,Pi Henge,VeraD,Pi Henge~1
rotation,Global,4,,,Shadowspect,Water_Bottle,17,45-Degree Rotations,VeraD,45-Degree Rotations~1
cam_perspective,Global,3,,,Shadowspect,Water_Bottle,17,45-Degree Rotations,VeraD,45-Degree Rotations~1
snapshots,Global,4,,,Shadowspect,Water_Bottle,17,45-Degree Rotations,VeraD,45-Degree Rotations~1
prim_shapes,Global,0,,,Shadowspect,Water_Bottle,17,45-Degree Rotations,VeraD,45-Degree Rotations~1
scale_shapes,Global,0,,,Shadowspect,Water_Bottle,17,45-Degree Rotations,VeraD,45-Degree Rotations~1
locate_shapes,Global,4,,,Shadowspect,Water_Bottle,17,45-Degree Rotations,VeraD,45-Degree Rotations~1
action_seq,Global,4,,,Shadowspect,Water_Bottle,17,45-Degree Rotations,VeraD,45-Degree Rotations~1
rotation,Global,3,,,Shadowspect,Water_Bottle,18,Pyramids are Strange,VeraD,Pyramids are Strange~1
cam_perspective,Global,2,,,Shadowspect,Water_Bottle,18,Pyramids are Strange,VeraD,Pyramids are Strange~1
snapshots,Global,2,,,Shadowspect,Water_Bottle,18,Pyramids are Strange,VeraD,Pyramids are Strange~1
prim_shapes,Global,0,,,Shadowspect,Water_Bottle,18,Pyramids are Strange,VeraD,Pyramids are Strange~1
scale_shapes,Global,4,,,Shadowspect,Water_Bottle,18,Pyramids are Strange,VeraD,Pyramids are Strange~1
locate_shapes,Global,4,,,Shadowspect,Water_Bottle,18,Pyramids are Strange,VeraD,Pyramids are Strange~1
action_seq,Global,3,,,Shadowspect,Water_Bottle,18,Pyramids are Strange,VeraD,Pyramids are Strange~1
rotation,Global,4,,,Shadowspect,Water_Bottle,22,Angled Silhouette,VeraD,Angled Silhouette~1
cam_perspective,Global,3,,,Shadowspect,Water_Bottle,22,Angled Silhouette,VeraD,Angled Silhouette~1
snapshots,Global,4,,,Shadowspect,Water_Bottle,22,Angled Silhouette,VeraD,Angled Silhouette~1
prim_shapes,Global,4,,,Shadowspect,Water_Bottle,22,Angled Silhouette,VeraD,Angled Silhouette~1
scale_shapes,Global,4,,,Shadowspect,Water_Bottle,22,Angled Silhouette,VeraD,Angled Silhouette~1
locate_shapes,Global,4,,,Shadowspect,Water_Bottle,22,Angled Silhouette,VeraD,Angled Silhouette~1
action_seq,Global,4,,,Shadowspect,Water_Bottle,22,Angled Silhouette,VeraD,Angled Silhouette~1
cam_perspective,Global,1,,,Shadowspect,bobatea444,16,Bird Fez,VeraC,Bird Fez~1
rotation,Global,4,,,Shadowspect,bobatea444,16,Bird Fez,VeraC,Bird Fez~1
snapshots,Global,3,,,Shadowspect,bobatea444,16,Bird Fez,VeraC,Bird Fez~1
prim_shapes,Global,4,,,Shadowspect,bobatea444,16,Bird Fez,VeraC,Bird Fez~1
scale_shapes,Global,3,,,Shadowspect,bobatea444,16,Bird Fez,VeraC,Bird Fez~1
locate_shapes,Global,2,,,Shadowspect,bobatea444,16,Bird Fez,VeraC,Bird Fez~1
action_seq,Global,2,,,Shadowspect,bobatea444,16,Bird Fez,VeraC,Bird Fez~1
rotation,Global,1,,,Shadowspect,bobatea444,17,Pi Henge,VeraC,Pi Henge~1
cam_perspective,Global,1,,,Shadowspect,bobatea444,17,Pi Henge,VeraC,Pi Henge~1
snapshots,Global,2,,,Shadowspect,bobatea444,17,Pi Henge,VeraC,Pi Henge~1
prim_shapes,Global,0,,,Shadowspect,bobatea444,17,Pi Henge,VeraC,Pi Henge~1
scale_shapes,Global,2,,,Shadowspect,bobatea444,17,Pi Henge,VeraC,Pi Henge~1
locate_shapes,Global,2,,,Shadowspect,bobatea444,17,Pi Henge,VeraC,Pi Henge~1
action_seq,Global,2,,,Shadowspect,bobatea444,17,Pi Henge,VeraC,Pi Henge~1
rotation,Global,2,,,Shadowspect,bobatea444,38,Pyramids are Strange,VeraC,Pyramids are Strange~3
cam_perspective,Global,1,,,Shadowspect,bobatea444,38,Pyramids are Strange,VeraC,Pyramids are Strange~3
snapshots,Global,1,,,Shadowspect,bobatea444,38,Pyramids are Strange,VeraC,Pyramids are Strange~3
prim_shapes,Global,0,,,Shadowspect,bobatea444,38,Pyramids are Strange,VeraC,Pyramids are Strange~3
scale_shapes,Global,2,,,Shadowspect,bobatea444,38,Pyramids are Strange,VeraC,Pyramids are Strange~3
locate_shapes,Global,2,,,Shadowspect,bobatea444,38,Pyramids are Strange,VeraC,Pyramids are Strange~3
action_seq,Global,2,,,Shadowspect,bobatea444,38,Pyramids are Strange,VeraC,Pyramids are Strange~3
rotation,Global,2,,,Shadowspect,bobatea444,56,Angled Silhouette,VeraC,Angled Silhouette~2
cam_perspective,Global,1,,,Shadowspect,bobatea444,56,Angled Silhouette,VeraC,Angled Silhouette~2
snapshots,Global,1,,,Shadowspect,bobatea444,56,Angled Silhouette,VeraC,Angled Silhouette~2
prim_shapes,Global,3,,,Shadowspect,bobatea444,56,Angled Silhouette,VeraC,Angled Silhouette~2
scale_shapes,Global,2,,,Shadowspect,bobatea444,56,Angled Silhouette,VeraC,Angled Silhouette~2
locate_shapes,Global,3,,,Shadowspect,bobatea444,56,Angled Silhouette,VeraC,Angled Silhouette~2
action_seq,Global,2,,,Shadowspect,bobatea444,56,Angled Silhouette,VeraC,Angled Silhouette~2
rotation,Global,0,,,Shadowspect,Jin Mori,12,Pi Henge,VeraC,Pi Henge~1
cam_perspective,Global,2,,,Shadowspect,Jin Mori,12,Pi Henge,VeraC,Pi Henge~1
snapshots,Global,4,,,Shadowspect,Jin Mori,12,Pi Henge,VeraC,Pi Henge~1
prim_shapes,Global,4,,,Shadowspect,Jin Mori,12,Pi Henge,VeraC,Pi Henge~1
scale_shapes,Global,4,,,Shadowspect,Jin Mori,12,Pi Henge,VeraC,Pi Henge~1
locate_shapes,Global,3,,,Shadowspect,Jin Mori,12,Pi Henge,VeraC,Pi Henge~1
action_seq,Global,3,,,Shadowspect,Jin Mori,12,Pi Henge,VeraC,Pi Henge~1
rotation,Global,4,,,Shadowspect,Jin Mori,13,45-Degree Rotations,VeraC,45-Degree Rotations~1
cam_perspective,Global,4,,,Shadowspect,Jin Mori,13,45-Degree Rotations,VeraC,45-Degree Rotations~1
snapshots,Global,4,,,Shadowspect,Jin Mori,13,45-Degree Rotations,VeraC,45-Degree Rotations~1
prim_shapes,Global,0,,,Shadowspect,Jin Mori,13,45-Degree Rotations,VeraC,45-Degree Rotations~1
scale_shapes,Global,0,,,Shadowspect,Jin Mori,13,45-Degree Rotations,VeraC,45-Degree Rotations~1
locate_shapes,Global,4,,,Shadowspect,Jin Mori,13,45-Degree Rotations,VeraC,45-Degree Rotations~1
action_seq,Global,4,,,Shadowspect,Jin Mori,13,45-Degree Rotations,VeraC,45-Degree Rotations~1
rotation,Global,4,,,Shadowspect,chopinsgf,17,45-Degree Rotations,VeraC,45-Degree Rotations~1
cam_perspective,Global,4,,,Shadowspect,chopinsgf,17,45-Degree Rotations,VeraC,45-Degree Rotations~1
snapshots,Global,4,,,Shadowspect,chopinsgf,17,45-Degree Rotations,VeraC,45-Degree Rotations~1
prim_shapes,Global,0,,,Shadowspect,chopinsgf,17,45-Degree Rotations,VeraC,45-Degree Rotations~1
scale_shapes,Global,0,,,Shadowspect,chopinsgf,17,45-Degree Rotations,VeraC,45-Degree Rotations~1
locate_shapes,Global,4,,,Shadowspect,chopinsgf,17,45-Degree Rotations,VeraC,45-Degree Rotations~1
action_seq,Global,4,,,Shadowspect,chopinsgf,17,45-Degree Rotations,VeraC,45-Degree Rotations~1
rotation,Global,1,,,Shadowspect,eddy123,17,Bird Fez,VeraC,Bird Fez~1
cam_perspective,Global,3,,,Shadowspect,eddy123,17,Bird Fez,VeraC,Bird Fez~1
snapshots,Global,4,,,Shadowspect,eddy123,17,Bird Fez,VeraC,Bird Fez~1
prim_shapes,Global,4,,,Shadowspect,eddy123,17,Bird Fez,VeraC,Bird Fez~1
scale_shapes,Global,4,,,Shadowspect,eddy123,17,Bird Fez,VeraC,Bird Fez~1
locate_shapes,Global,3,,,Shadowspect,eddy123,17,Bird Fez,VeraC,Bird Fez~1
action_seq,Global,2,,,Shadowspect,eddy123,17,Bird Fez,VeraC,Bird Fez~1
rotation,Global,0,,,Shadowspect,eddy123,18,Pi Henge,VeraC,Pi Henge~1
cam_perspective,Global,1,,,Shadowspect,eddy123,18,Pi Henge,VeraC,Pi Henge~1
snapshots,Global,4,,,Shadowspect,eddy123,18,Pi Henge,VeraC,Pi Henge~1
prim_shapes,Global,4,,,Shadowspect,eddy123,18,Pi Henge,VeraC,Pi Henge~1
scale_shapes,Global,3,,,Shadowspect,eddy123,18,Pi Henge,VeraC,Pi Henge~1
locate_shapes,Global,2,,,Shadowspect,eddy123,18,Pi Henge,VeraC,Pi Henge~1
action_seq,Global,2,,,Shadowspect,eddy123,18,Pi Henge,VeraC,Pi Henge~1
rotation,Global,4,,,Shadowspect,eddy123,23,Angled Silhouette,VeraC,Angled Silhouette~1
cam_perspective,Global,4,,,Shadowspect,eddy123,23,Angled Silhouette,VeraC,Angled Silhouette~1
snapshots,Global,4,,,Shadowspect,eddy123,23,Angled Silhouette,VeraC,Angled Silhouette~1
prim_shapes,Global,4,,,Shadowspect,eddy123,23,Angled Silhouette,VeraC,Angled Silhouette~1
scale_shapes,Global,4,,,Shadowspect,eddy123,23,Angled Silhouette,VeraC,Angled Silhouette~1
locate_shapes,Global,4,,,Shadowspect,eddy123,23,Angled Silhouette,VeraC,Angled Silhouette~1
action_seq,Global,4,,,Shadowspect,eddy123,23,Angled Silhouette,VeraC,Angled Silhouette~1
rotation,Global,0,,,Shadowspect,chopinsgf,11,Pi Henge,VeraC,Pi Henge~1
cam_perspective,Global,2,,,Shadowspect,chopinsgf,11,Pi Henge,VeraC,Pi Henge~1
snapshots,Global,2,,,Shadowspect,chopinsgf,11,Pi Henge,VeraC,Pi Henge~1
prim_shapes,Global,4,,,Shadowspect,chopinsgf,11,Pi Henge,VeraC,Pi Henge~1
scale_shapes,Global,2,,,Shadowspect,chopinsgf,11,Pi Henge,VeraC,Pi Henge~1
locate_shapes,Global,3,,,Shadowspect,chopinsgf,11,Pi Henge,VeraC,Pi Henge~1
action_seq,Global,2,,,Shadowspect,chopinsgf,11,Pi Henge,VeraC,Pi Henge~1
rotation,Global,4,,,Shadowspect,mathwiz,12,Bird Fez,VeraC,Bird Fez~1
cam_perspective,Global,2,,,Shadowspect,mathwiz,12,Bird Fez,VeraC,Bird Fez~1
snapshots,Global,2,,,Shadowspect,mathwiz,12,Bird Fez,VeraC,Bird Fez~1
prim_shapes,Global,4,,,Shadowspect,mathwiz,12,Bird Fez,VeraC,Bird Fez~1
scale_shapes,Global,2,,,Shadowspect,mathwiz,12,Bird Fez,VeraC,Bird Fez~1
locate_shapes,Global,3,,,Shadowspect,mathwiz,12,Bird Fez,VeraC,Bird Fez~1
action_seq,Global,2,,,Shadowspect,mathwiz,12,Bird Fez,VeraC,Bird Fez~1
rotation,Global,2,,,Shadowspect,mathwiz,14,Pyramids are Strange,VeraC,Pyramids are Strange~1
cam_perspective,Global,3,,,Shadowspect,mathwiz,14,Pyramids are Strange,VeraC,Pyramids are Strange~1
snapshots,Global,4,,,Shadowspect,mathwiz,14,Pyramids are Strange,VeraC,Pyramids are Strange~1
prim_shapes,Global,0,,,Shadowspect,mathwiz,14,Pyramids are Strange,VeraC,Pyramids are Strange~1
scale_shapes,Global,4,,,Shadowspect,mathwiz,14,Pyramids are Strange,VeraC,Pyramids are Strange~1
locate_shapes,Global,4,,,Shadowspect,mathwiz,14,Pyramids are Strange,VeraC,Pyramids are Strange~1
action_seq,Global,2,,,Shadowspect,mathwiz,14,Pyramids are Strange,VeraC,Pyramids are Strange~1
rotation,Global,1,,,Shadowspect,mathwiz,17,45-Degree Rotations,VeraC,45-Degree Rotations~1
cam_perspective,Global,1,,,Shadowspect,mathwiz,17,45-Degree Rotations,VeraC,45-Degree Rotations~1
snapshots,Global,1,,,Shadowspect,mathwiz,17,45-Degree Rotations,VeraC,45-Degree Rotations~1
prim_shapes,Global,0,,,Shadowspect,mathwiz,17,45-Degree Rotations,VeraC,45-Degree Rotations~1
scale_shapes,Global,1,,,Shadowspect,mathwiz,17,45-Degree Rotations,VeraC,45-Degree Rotations~1
locate_shapes,Global,3,,,Shadowspect,mathwiz,17,45-Degree Rotations,VeraC,45-Degree Rotations~1
action_seq,Global,2,,,Shadowspect,mathwiz,17,45-Degree Rotations,VeraC,45-Degree Rotations~1
rotation,Global,4,,,Shadowspect,mathwiz,19,Angled Silhouette,VeraC,Angled Silhouette~1
cam_perspective,Global,3,,,Shadowspect,mathwiz,19,Angled Silhouette,VeraC,Angled Silhouette~1
snapshots,Global,4,,,Shadowspect,mathwiz,19,Angled Silhouette,VeraC,Angled Silhouette~1
prim_shapes,Global,4,,,Shadowspect,mathwiz,19,Angled Silhouette,VeraC,Angled Silhouette~1
scale_shapes,Global,4,,,Shadowspect,mathwiz,19,Angled Silhouette,VeraC,Angled Silhouette~1
locate_shapes,Global,4,,,Shadowspect,mathwiz,19,Angled Silhouette,VeraC,Angled Silhouette~1
action_seq,Global,4,,,Shadowspect,mathwiz,19,Angled Silhouette,VeraC,Angled Silhouette~1
rotation,Global,2,,,Shadowspect,Morissa J.S.,13,Bird Fez,VeraB,Bird Fez~1
cam_perspective,Global,3,,,Shadowspect,Morissa J.S.,13,Bird Fez,VeraB,Bird Fez~1
snapshots,Global,2,,,Shadowspect,Morissa J.S.,13,Bird Fez,VeraB,Bird Fez~1
prim_shapes,Global,4,,,Shadowspect,Morissa J.S.,13,Bird Fez,VeraB,Bird Fez~1
scale_shapes,Global,3,,,Shadowspect,Morissa J.S.,13,Bird Fez,VeraB,Bird Fez~1
locate_shapes,Global,2,,,Shadowspect,Morissa J.S.,13,Bird Fez,VeraB,Bird Fez~1
action_seq,Global,3,,,Shadowspect,Morissa J.S.,13,Bird Fez,VeraB,Bird Fez~1
rotation,Global,1,,,Shadowspect,Morissa J.S.,14,Pi Henge,VeraB,Pi Henge~1
cam_perspective,Global,2,,,Shadowspect,Morissa J.S.,14,Pi Henge,VeraB,Pi Henge~1
snapshots,Global,1,,,Shadowspect,Morissa J.S.,14,Pi Henge,VeraB,Pi Henge~1
prim_shapes,Global,3,,,Shadowspect,Morissa J.S.,14,Pi Henge,VeraB,Pi Henge~1
scale_shapes,Global,3,,,Shadowspect,Morissa J.S.,14,Pi Henge,VeraB,Pi Henge~1
locate_shapes,Global,3,,,Shadowspect,Morissa J.S.,14,Pi Henge,VeraB,Pi Henge~1
action_seq,Global,3,,,Shadowspect,Morissa J.S.,14,Pi Henge,VeraB,Pi Henge~1
rotation,Global,1,,,Shadowspect,engineer217,25,Pi Henge,VeraB,Pi Henge~1
cam_perspective,Global,2,,,Shadowspect,engineer217,25,Pi Henge,VeraB,Pi Henge~1
snapshots,Global,3,,,Shadowspect,engineer217,25,Pi Henge,VeraB,Pi Henge~1
prim_shapes,Global,4,,,Shadowspect,engineer217,25,Pi Henge,VeraB,Pi Henge~1
scale_shapes,Global,2,,,Shadowspect,engineer217,25,Pi Henge,VeraB,Pi Henge~1
locate_shapes,Global,3,,,Shadowspect,engineer217,25,Pi Henge,VeraB,Pi Henge~1
action_seq,Global,3,,,Shadowspect,engineer217,25,Pi Henge,VeraB,Pi Henge~1
rotation,Global,2,,,Shadowspect,engineer217,27,Pyramids are Strange,VeraB,Pyramids are Strange~1
cam_perspective,Global,1,,,Shadowspect,engineer217,27,Pyramids are Strange,VeraB,Pyramids are Strange~1
snapshots,Global,1,,,Shadowspect,engineer217,27,Pyramids are Strange,VeraB,Pyramids are Strange~1
prim_shapes,Global,0,,,Shadowspect,engineer217,27,Pyramids are Strange,VeraB,Pyramids are Strange~1
scale_shapes,Global,3,,,Shadowspect,engineer217,27,Pyramids are Strange,VeraB,Pyramids are Strange~1
locate_shapes,Global,4,,,Shadowspect,engineer217,27,Pyramids are Strange,VeraB,Pyramids are Strange~1
action_seq,Global,2,,,Shadowspect,engineer217,27,Pyramids are Strange,VeraB,Pyramids are Strange~1
rotation,Global,3,,,Shadowspect,engineer217,35,Angled Silhouette,VeraB,Angled Silhouette~2
cam_perspective,Global,3,,,Shadowspect,engineer217,35,Angled Silhouette,VeraB,Angled Silhouette~2
snapshots,Global,3,,,Shadowspect,engineer217,35,Angled Silhouette,VeraB,Angled Silhouette~2
prim_shapes,Global,4,,,Shadowspect,engineer217,35,Angled Silhouette,VeraB,Angled Silhouette~2
scale_shapes,Global,4,,,Shadowspect,engineer217,35,Angled Silhouette,VeraB,Angled Silhouette~2
locate_shapes,Global,2,,,Shadowspect,engineer217,35,Angled Silhouette,VeraB,Angled Silhouette~2
action_seq,Global,3,,,Shadowspect,engineer217,35,Angled Silhouette,VeraB,Angled Silhouette~2
rotation,Global,4,,,Shadowspect,engineer217,61,45-Degree Rotations,VeraB,45-Degree Rotations~7
cam_perspective,Global,2,,,Shadowspect,engineer217,61,45-Degree Rotations,VeraB,45-Degree Rotations~7
snapshots,Global,3,,,Shadowspect,engineer217,61,45-Degree Rotations,VeraB,45-Degree Rotations~7
prim_shapes,Global,0,,,Shadowspect,engineer217,61,45-Degree Rotations,VeraB,45-Degree Rotations~7
scale_shapes,Global,0,,,Shadowspect,engineer217,61,45-Degree Rotations,VeraB,45-Degree Rotations~7
locate_shapes,Global,4,,,Shadowspect,engineer217,61,45-Degree Rotations,VeraB,45-Degree Rotations~7
action_seq,Global,3,,,Shadowspect,engineer217,61,45-Degree Rotations,VeraB,45-Degree Rotations~7
rotation,Global,4,,,Shadowspect,engineer217,75,Bird Fez,VeraB,Bird Fez~6
cam_perspective,Global,3,,,Shadowspect,engineer217,75,Bird Fez,VeraB,Bird Fez~6
snapshots,Global,3,,,Shadowspect,engineer217,75,Bird Fez,VeraB,Bird Fez~6
prim_shapes,Global,4,,,Shadowspect,engineer217,75,Bird Fez,VeraB,Bird Fez~6
scale_shapes,Global,4,,,Shadowspect,engineer217,75,Bird Fez,VeraB,Bird Fez~6
locate_shapes,Global,4,,,Shadowspect,engineer217,75,Bird Fez,VeraB,Bird Fez~6
action_seq,Global,3,,,Shadowspect,engineer217,75,Bird Fez,VeraB,Bird Fez~6
rotation,Global,0,,,Shadowspect,Wuduju,13,Pi Henge,VeraB,Pi Henge~1
cam_perspective,Global,3,,,Shadowspect,Wuduju,13,Pi Henge,VeraB,Pi Henge~1
snapshots,Global,3,,,Shadowspect,Wuduju,13,Pi Henge,VeraB,Pi Henge~1
prim_shapes,Global,4,,,Shadowspect,Wuduju,13,Pi Henge,VeraB,Pi Henge~1
scale_shapes,Global,4,,,Shadowspect,Wuduju,13,Pi Henge,VeraB,Pi Henge~1
locate_shapes,Global,2,,,Shadowspect,Wuduju,13,Pi Henge,VeraB,Pi Henge~1
action_seq,Global,3,,,Shadowspect,Wuduju,13,Pi Henge,VeraB,Pi Henge~1
rotation,Global,3,,,Shadowspect,Wuduju,14,45-Degree Rotations,VeraB,45-Degree Rotations~1
cam_perspective,Global,2,,,Shadowspect,Wuduju,14,45-Degree Rotations,VeraB,45-Degree Rotations~1
snapshots,Global,4,,,Shadowspect,Wuduju,14,45-Degree Rotations,VeraB,45-Degree Rotations~1
prim_shapes,Global,0,,,Shadowspect,Wuduju,14,45-Degree Rotations,VeraB,45-Degree Rotations~1
scale_shapes,Global,0,,,Shadowspect,Wuduju,14,45-Degree Rotations,VeraB,45-Degree Rotations~1
locate_shapes,Global,2,,,Shadowspect,Wuduju,14,45-Degree Rotations,VeraB,45-Degree Rotations~1
action_seq,Global,2,,,Shadowspect,Wuduju,14,45-Degree Rotations,VeraB,45-Degree Rotations~1
rotation,Global,4,,,Shadowspect,Wuduju,15,Pyramids are Strange,VeraB,Pyramids are Strange~2
cam_perspective,Global,2,,,Shadowspect,Wuduju,15,Pyramids are Strange,VeraB,Pyramids are Strange~2
snapshots,Global,1,,,Shadowspect,Wuduju,15,Pyramids are Strange,VeraB,Pyramids are Strange~2
prim_shapes,Global,0,,,Shadowspect,Wuduju,15,Pyramids are Strange,VeraB,Pyramids are Strange~2
scale_shapes,Global,4,,,Shadowspect,Wuduju,15,Pyramids are Strange,VeraB,Pyramids are Strange~2
locate_shapes,Global,4,,,Shadowspect,Wuduju,15,Pyramids are Strange,VeraB,Pyramids are Strange~2
action_seq,Global,3,,,Shadowspect,Wuduju,15,Pyramids are Strange,VeraB,Pyramids are Strange~2
rotation,Global,4,,,Shadowspect,B.Cheesy12,11,Bird Fez,VeraB,Bird Fez~1
cam_perspective,Global,2,,,Shadowspect,B.Cheesy12,11,Bird Fez,VeraB,Bird Fez~1
snapshots,Global,2,,,Shadowspect,B.Cheesy12,11,Bird Fez,VeraB,Bird Fez~1
prim_shapes,Global,2,,,Shadowspect,B.Cheesy12,11,Bird Fez,VeraB,Bird Fez~1
scale_shapes,Global,4,,,Shadowspect,B.Cheesy12,11,Bird Fez,VeraB,Bird Fez~1
locate_shapes,Global,4,,,Shadowspect,B.Cheesy12,11,Bird Fez,VeraB,Bird Fez~1
action_seq,Global,2,,,Shadowspect,B.Cheesy12,11,Bird Fez,VeraB,Bird Fez~1
rotation,Global,0,,,Shadowspect,B.Cheesy12,12,Pi Henge,VeraB,Pi Henge~1
cam_perspective,Global,2,,,Shadowspect,B.Cheesy12,12,Pi Henge,VeraB,Pi Henge~1
snapshots,Global,3,,,Shadowspect,B.Cheesy12,12,Pi Henge,VeraB,Pi Henge~1
prim_shapes,Global,4,,,Shadowspect,B.Cheesy12,12,Pi Henge,VeraB,Pi Henge~1
scale_shapes,Global,4,,,Shadowspect,B.Cheesy12,12,Pi Henge,VeraB,Pi Henge~1
locate_shapes,Global,4,,,Shadowspect,B.Cheesy12,12,Pi Henge,VeraB,Pi Henge~1
action_seq,Global,3,,,Shadowspect,B.Cheesy12,12,Pi Henge,VeraB,Pi Henge~1
rotation,Global,4,,,Shadowspect,B.Cheesy12,13,45-Degree Rotations,VeraB,45-Degree Rotations~1
cam_perspective,Global,3,,,Shadowspect,B.Cheesy12,13,45-Degree Rotations,VeraB,45-Degree Rotations~1
snapshots,Global,3,,,Shadowspect,B.Cheesy12,13,45-Degree Rotations,VeraB,45-Degree Rotations~1
prim_shapes,Global,0,,,Shadowspect,B.Cheesy12,13,45-Degree Rotations,VeraB,45-Degree Rotations~1
scale_shapes,Global,0,,,Shadowspect,B.Cheesy12,13,45-Degree Rotations,VeraB,45-Degree Rotations~1
locate_shapes,Global,4,,,Shadowspect,B.Cheesy12,13,45-Degree Rotations,VeraB,45-Degree Rotations~1
action_seq,Global,3,,,Shadowspect,B.Cheesy12,13,45-Degree Rotations,VeraB,45-Degree Rotations~1
rotation,Global,4,,,Shadowspect,B.Cheesy12,15,Pyramids are Strange,VeraB,Pyramids are Strange~2
cam_perspective,Global,3,,,Shadowspect,B.Cheesy12,15,Pyramids are Strange,VeraB,Pyramids are Strange~2
snapshots,Global,3,,,Shadowspect,B.Cheesy12,15,Pyramids are Strange,VeraB,Pyramids are Strange~2
prim_shapes,Global,0,,,Shadowspect,B.Cheesy12,15,Pyramids are Strange,VeraB,Pyramids are Strange~2
scale_shapes,Global,4,,,Shadowspect,B.Cheesy12,15,Pyramids are Strange,VeraB,Pyramids are Strange~2
locate_shapes,Global,4,,,Shadowspect,B.Cheesy12,15,Pyramids are Strange,VeraB,Pyramids are Strange~2
action_seq,Global,4,,,Shadowspect,B.Cheesy12,15,Pyramids are Strange,VeraB,Pyramids are Strange~2
rotation,Global,1,,,Shadowspect,B.Cheesy12,20,Angled Silhouette,VeraB,Angled Silhouette~1
cam_perspective,Global,1,,,Shadowspect,B.Cheesy12,20,Angled Silhouette,VeraB,Angled Silhouette~1
snapshots,Global,1,,,Shadowspect,B.Cheesy12,20,Angled Silhouette,VeraB,Angled Silhouette~1
prim_shapes,Global,2,,,Shadowspect,B.Cheesy12,20,Angled Silhouette,VeraB,Angled Silhouette~1
scale_shapes,Global,2,,,Shadowspect,B.Cheesy12,20,Angled Silhouette,VeraB,Angled Silhouette~1
locate_shapes,Global,2,,,Shadowspect,B.Cheesy12,20,Angled Silhouette,VeraB,Angled Silhouette~1
action_seq,Global,2,,,Shadowspect,B.Cheesy12,20,Angled Silhouette,VeraB,Angled Silhouette~1
rotation,Global,4,,,Shadowspect,Thekasdkaed,13,Bird Fez,EloiseauA,Bird Fez~1
cam_perspective,Global,3,,,Shadowspect,Thekasdkaed,13,Bird Fez,EloiseauA,Bird Fez~1
snapshots,Global,4,,,Shadowspect,Thekasdkaed,13,Bird Fez,EloiseauA,Bird Fez~1
prim_shapes,Global,3,,,Shadowspect,Thekasdkaed,13,Bird Fez,EloiseauA,Bird Fez~1
scale_shapes,Global,4,,,Shadowspect,Thekasdkaed,13,Bird Fez,EloiseauA,Bird Fez~1
locate_shapes,Global,4,,,Shadowspect,Thekasdkaed,13,Bird Fez,EloiseauA,Bird Fez~1
action_seq,Global,3,,,Shadowspect,Thekasdkaed,13,Bird Fez,EloiseauA,Bird Fez~1
rotation,Global,0,,,Shadowspect,Thekasdkaed,14,Pi Henge,EloiseauA,Pi Henge~1
cam_perspective,Global,3,,,Shadowspect,Thekasdkaed,14,Pi Henge,EloiseauA,Pi Henge~1
snapshots,Global,4,,,Shadowspect,Thekasdkaed,14,Pi Henge,EloiseauA,Pi Henge~1
prim_shapes,Global,4,,,Shadowspect,Thekasdkaed,14,Pi Henge,EloiseauA,Pi Henge~1
scale_shapes,Global,3,,,Shadowspect,Thekasdkaed,14,Pi Henge,EloiseauA,Pi Henge~1
locate_shapes,Global,4,,,Shadowspect,Thekasdkaed,14,Pi Henge,EloiseauA,Pi Henge~1
action_seq,Global,3,,,Shadowspect,Thekasdkaed,14,Pi Henge,EloiseauA,Pi Henge~1
rotation,Global,4,,,Shadowspect,Thekasdkaed,15,45-Degree Rotations,EloiseauA,45-Degree Rotations~1
snapshots,Global,4,,,Shadowspect,Thekasdkaed,15,45-Degree Rotations,EloiseauA,45-Degree Rotations~1
cam_perspective,Global,4,,,Shadowspect,Thekasdkaed,15,45-Degree Rotations,EloiseauA,45-Degree Rotations~1
prim_shapes,Global,0,,,Shadowspect,Thekasdkaed,15,45-Degree Rotations,EloiseauA,45-Degree Rotations~1
scale_shapes,Global,0,,,Shadowspect,Thekasdkaed,15,45-Degree Rotations,EloiseauA,45-Degree Rotations~1
locate_shapes,Global,4,,,Shadowspect,Thekasdkaed,15,45-Degree Rotations,EloiseauA,45-Degree Rotations~1
action_seq,Global,4,,,Shadowspect,Thekasdkaed,15,45-Degree Rotations,EloiseauA,45-Degree Rotations~1
rotation,Global,3,,,Shadowspect,Thekasdkaed,16,Pyramids are Strange,EloiseauA,Pyramids are Strange~1
cam_perspective,Global,2,,,Shadowspect,Thekasdkaed,16,Pyramids are Strange,EloiseauA,Pyramids are Strange~1
snapshots,Global,4,,,Shadowspect,Thekasdkaed,16,Pyramids are Strange,EloiseauA,Pyramids are Strange~1
prim_shapes,Global,0,,,Shadowspect,Thekasdkaed,16,Pyramids are Strange,EloiseauA,Pyramids are Strange~1
scale_shapes,Global,1,,,Shadowspect,Thekasdkaed,16,Pyramids are Strange,EloiseauA,Pyramids are Strange~1
locate_shapes,Global,4,,,Shadowspect,Thekasdkaed,16,Pyramids are Strange,EloiseauA,Pyramids are Strange~1
action_seq,Global,2,,,Shadowspect,Thekasdkaed,16,Pyramids are Strange,EloiseauA,Pyramids are Strange~1
rotation,Global,4,,,Shadowspect,Thekasdkaed,21,Angled Silhouette,EloiseauA,Angled Silhouette~1
cam_perspective,Global,3,,,Shadowspect,Thekasdkaed,21,Angled Silhouette,EloiseauA,Angled Silhouette~1
snapshots,Global,4,,,Shadowspect,Thekasdkaed,21,Angled Silhouette,EloiseauA,Angled Silhouette~1
prim_shapes,Global,3,,,Shadowspect,Thekasdkaed,21,Angled Silhouette,EloiseauA,Angled Silhouette~1
scale_shapes,Global,4,,,Shadowspect,Thekasdkaed,21,Angled Silhouette,EloiseauA,Angled Silhouette~1
locate_shapes,Global,4,,,Shadowspect,Thekasdkaed,21,Angled Silhouette,EloiseauA,Angled Silhouette~1
action_seq,Global,4,,,Shadowspect,Thekasdkaed,21,Angled Silhouette,EloiseauA,Angled Silhouette~1
rotation,Global,4,,,Shadowspect,purple_someone,41,Bird Fez,EloiseauA,Bird Fez~3
cam_perspective,Global,3,,,Shadowspect,purple_someone,41,Bird Fez,EloiseauA,Bird Fez~3
snapshots,Global,3,,,Shadowspect,purple_someone,41,Bird Fez,EloiseauA,Bird Fez~3
prim_shapes,Global,3,,,Shadowspect,purple_someone,41,Bird Fez,EloiseauA,Bird Fez~3
scale_shapes,Global,4,,,Shadowspect,purple_someone,41,Bird Fez,EloiseauA,Bird Fez~3
locate_shapes,Global,3,,,Shadowspect,purple_someone,41,Bird Fez,EloiseauA,Bird Fez~3
action_seq,Global,3,,,Shadowspect,purple_someone,41,Bird Fez,EloiseauA,Bird Fez~3
rotation,Global,1,,,Shadowspect,purple_someone,42,Pi Henge,EloiseauA,Pi Henge~3
cam_perspective,Global,3,,,Shadowspect,purple_someone,42,Pi Henge,EloiseauA,Pi Henge~3
snapshots,Global,3,,,Shadowspect,purple_someone,42,Pi Henge,EloiseauA,Pi Henge~3
prim_shapes,Global,2,,,Shadowspect,purple_someone,42,Pi Henge,EloiseauA,Pi Henge~3
scale_shapes,Global,4,,,Shadowspect,purple_someone,42,Pi Henge,EloiseauA,Pi Henge~3
locate_shapes,Global,2,,,Shadowspect,purple_someone,42,Pi Henge,EloiseauA,Pi Henge~3
action_seq,Global,2,,,Shadowspect,purple_someone,42,Pi Henge,EloiseauA,Pi Henge~3
rotation,Global,3,,,Shadowspect,purple_someone,49,Pyramids are Strange,EloiseauA,Pyramids are Strange~3
cam_perspective,Global,3,,,Shadowspect,purple_someone,49,Pyramids are Strange,EloiseauA,Pyramids are Strange~3
snapshots,Global,3,,,Shadowspect,purple_someone,49,Pyramids are Strange,EloiseauA,Pyramids are Strange~3
prim_shapes,Global,0,,,Shadowspect,purple_someone,49,Pyramids are Strange,EloiseauA,Pyramids are Strange~3
scale_shapes,Global,4,,,Shadowspect,purple_someone,49,Pyramids are Strange,EloiseauA,Pyramids are Strange~3
locate_shapes,Global,4,,,Shadowspect,purple_someone,49,Pyramids are Strange,EloiseauA,Pyramids are Strange~3
action_seq,Global,4,,,Shadowspect,purple_someone,49,Pyramids are Strange,EloiseauA,Pyramids are Strange~3
rotation,Global,3,,,Shadowspect,BubbleBops,15,Bird Fez,EloiseauA,Bird Fez~2
cam_perspective,Global,3,,,Shadowspect,BubbleBops,15,Bird Fez,EloiseauA,Bird Fez~2
snapshots,Global,4,,,Shadowspect,BubbleBops,15,Bird Fez,EloiseauA,Bird Fez~2
prim_shapes,Global,4,,,Shadowspect,BubbleBops,15,Bird Fez,EloiseauA,Bird Fez~2
scale_shapes,Global,4,,,Shadowspect,BubbleBops,15,Bird Fez,EloiseauA,Bird Fez~2
locate_shapes,Global,3,,,Shadowspect,BubbleBops,15,Bird Fez,EloiseauA,Bird Fez~2
action_seq,Global,3,,,Shadowspect,BubbleBops,15,Bird Fez,EloiseauA,Bird Fez~2
rotation,Global,0,,,Shadowspect,BubbleBops,16,Pi Henge,EloiseauA,Pi Henge~1
cam_perspective,Global,3,,,Shadowspect,BubbleBops,16,Pi Henge,EloiseauA,Pi Henge~1
snapshots,Global,4,,,Shadowspect,BubbleBops,16,Pi Henge,EloiseauA,Pi Henge~1
prim_shapes,Global,4,,,Shadowspect,BubbleBops,16,Pi Henge,EloiseauA,Pi Henge~1
scale_shapes,Global,3,,,Shadowspect,BubbleBops,16,Pi Henge,EloiseauA,Pi Henge~1
locate_shapes,Global,2,,,Shadowspect,BubbleBops,16,Pi Henge,EloiseauA,Pi Henge~1
action_seq,Global,2,,,Shadowspect,BubbleBops,16,Pi Henge,EloiseauA,Pi Henge~1
rotation,Global,4,,,Shadowspect,BubbleBops,17,45-Degree Rotations,EloiseauA,45-Degree Rotations~1
cam_perspective,Global,3,,,Shadowspect,BubbleBops,17,45-Degree Rotations,EloiseauA,45-Degree Rotations~1
snapshots,Global,4,,,Shadowspect,BubbleBops,17,45-Degree Rotations,EloiseauA,45-Degree Rotations~1
prim_shapes,Global,0,,,Shadowspect,BubbleBops,17,45-Degree Rotations,EloiseauA,45-Degree Rotations~1
scale_shapes,Global,0,,,Shadowspect,BubbleBops,17,45-Degree Rotations,EloiseauA,45-Degree Rotations~1
locate_shapes,Global,2,,,Shadowspect,BubbleBops,17,45-Degree Rotations,EloiseauA,45-Degree Rotations~1
action_seq,Global,2,,,Shadowspect,BubbleBops,17,45-Degree Rotations,EloiseauA,45-Degree Rotations~1
rotation,Global,4,,,Shadowspect,BubbleBops,18,Pyramids are Strange,EloiseauA,Pyramids are Strange~1
cam_perspective,Global,3,,,Shadowspect,BubbleBops,18,Pyramids are Strange,EloiseauA,Pyramids are Strange~1
snapshots,Global,4,,,Shadowspect,BubbleBops,18,Pyramids are Strange,EloiseauA,Pyramids are Strange~1
prim_shapes,Global,0,,,Shadowspect,BubbleBops,18,Pyramids are Strange,EloiseauA,Pyramids are Strange~1
scale_shapes,Global,4,,,Shadowspect,BubbleBops,18,Pyramids are Strange,EloiseauA,Pyramids are Strange~1
locate_shapes,Global,4,,,Shadowspect,BubbleBops,18,Pyramids are Strange,EloiseauA,Pyramids are Strange~1
action_seq,Global,4,,,Shadowspect,BubbleBops,18,Pyramids are Strange,EloiseauA,Pyramids are Strange~1
rotation,Global,4,,,Shadowspect,Jasenia CD,13,Bird Fez,EloiseauA,Bird Fez~2
cam_perspective,Global,3,,,Shadowspect,Jasenia CD,13,Bird Fez,EloiseauA,Bird Fez~2
snapshots,Global,3,,,Shadowspect,Jasenia CD,13,Bird Fez,EloiseauA,Bird Fez~2
prim_shapes,Global,4,,,Shadowspect,Jasenia CD,13,Bird Fez,EloiseauA,Bird Fez~2
scale_shapes,Global,4,,,Shadowspect,Jasenia CD,13,Bird Fez,EloiseauA,Bird Fez~2
locate_shapes,Global,2,,,Shadowspect,Jasenia CD,13,Bird Fez,EloiseauA,Bird Fez~2
action_seq,Global,3,,,Shadowspect,Jasenia CD,13,Bird Fez,EloiseauA,Bird Fez~2
rotation,Global,4,,,Shadowspect,Jasenia CD,14,Pi Henge,EloiseauA,Pi Henge~1
cam_perspective,Global,3,,,Shadowspect,Jasenia CD,14,Pi Henge,EloiseauA,Pi Henge~1
snapshots,Global,3,,,Shadowspect,Jasenia CD,14,Pi Henge,EloiseauA,Pi Henge~1
prim_shapes,Global,4,,,Shadowspect,Jasenia CD,14,Pi Henge,EloiseauA,Pi Henge~1
scale_shapes,Global,4,,,Shadowspect,Jasenia CD,14,Pi Henge,EloiseauA,Pi Henge~1
locate_shapes,Global,3,,,Shadowspect,Jasenia CD,14,Pi Henge,EloiseauA,Pi Henge~1
action_seq,Global,3,,,Shadowspect,Jasenia CD,14,Pi Henge,EloiseauA,Pi Henge~1
rotation,Global,4,,,Shadowspect,Jasenia CD,15,45-Degree Rotations,EloiseauA,45-Degree Rotations~1
cam_perspective,Global,3,,,Shadowspect,Jasenia CD,15,45-Degree Rotations,EloiseauA,45-Degree Rotations~1
snapshots,Global,3,,,Shadowspect,Jasenia CD,15,45-Degree Rotations,EloiseauA,45-Degree Rotations~1
prim_shapes,Global,0,,,Shadowspect,Jasenia CD,15,45-Degree Rotations,EloiseauA,45-Degree Rotations~1
scale_shapes,Global,0,,,Shadowspect,Jasenia CD,15,45-Degree Rotations,EloiseauA,45-Degree Rotations~1
locate_shapes,Global,4,,,Shadowspect,Jasenia CD,15,45-Degree Rotations,EloiseauA,45-Degree Rotations~1
action_seq,Global,4,,,Shadowspect,Jasenia CD,15,45-Degree Rotations,EloiseauA,45-Degree Rotations~1
rotation,Global,2,,,Shadowspect,Jasenia CD,16,Pyramids are Strange,EloiseauA,Pyramids are Strange~1
cam_perspective,Global,3,,,Shadowspect,Jasenia CD,16,Pyramids are Strange,EloiseauA,Pyramids are Strange~1
snapshots,Global,1,,,Shadowspect,Jasenia CD,16,Pyramids are Strange,EloiseauA,Pyramids are Strange~1
prim_shapes,Global,0,,,Shadowspect,Jasenia CD,16,Pyramids are Strange,EloiseauA,Pyramids are Strange~1
scale_shapes,Global,2,,,Shadowspect,Jasenia CD,16,Pyramids are Strange,EloiseauA,Pyramids are Strange~1
locate_shapes,Global,4,,,Shadowspect,Jasenia CD,16,Pyramids are Strange,EloiseauA,Pyramids are Strange~1
action_seq,Global,2,,,Shadowspect,Jasenia CD,16,Pyramids are Strange,EloiseauA,Pyramids are Strange~1
rotation,Global,4,,,Shadowspect,MountainGoat,20,Bird Fez,EloiseauA,Bird Fez~1
cam_perspective,Global,2,,,Shadowspect,MountainGoat,20,Bird Fez,EloiseauA,Bird Fez~1
snapshots,Global,4,,,Shadowspect,MountainGoat,20,Bird Fez,EloiseauA,Bird Fez~1
prim_shapes,Global,4,,,Shadowspect,MountainGoat,20,Bird Fez,EloiseauA,Bird Fez~1
scale_shapes,Global,4,,,Shadowspect,MountainGoat,20,Bird Fez,EloiseauA,Bird Fez~1
locate_shapes,Global,3,,,Shadowspect,MountainGoat,20,Bird Fez,EloiseauA,Bird Fez~1
action_seq,Global,3,,,Shadowspect,MountainGoat,20,Bird Fez,EloiseauA,Bird Fez~1
rotation,Global,0,,,Shadowspect,MountainGoat,21,Pi Henge,EloiseauA,Pi Henge~1
cam_perspective,Global,3,,,Shadowspect,MountainGoat,21,Pi Henge,EloiseauA,Pi Henge~1
snapshots,Global,4,,,Shadowspect,MountainGoat,21,Pi Henge,EloiseauA,Pi Henge~1
prim_shapes,Global,4,,,Shadowspect,MountainGoat,21,Pi Henge,EloiseauA,Pi Henge~1
scale_shapes,Global,4,,,Shadowspect,MountainGoat,21,Pi Henge,EloiseauA,Pi Henge~1
locate_shapes,Global,4,,,Shadowspect,MountainGoat,21,Pi Henge,EloiseauA,Pi Henge~1
action_seq,Global,3,,,Shadowspect,MountainGoat,21,Pi Henge,EloiseauA,Pi Henge~1
rotation,Global,2,,,Shadowspect,MountainGoat,23,Pyramids are Strange,EloiseauA,Pyramids are Strange~1
cam_perspective,Global,2,,,Shadowspect,MountainGoat,23,Pyramids are Strange,EloiseauA,Pyramids are Strange~1
snapshots,Global,1,,,Shadowspect,MountainGoat,23,Pyramids are Strange,EloiseauA,Pyramids are Strange~1
prim_shapes,Global,0,,,Shadowspect,MountainGoat,23,Pyramids are Strange,EloiseauA,Pyramids are Strange~1
scale_shapes,Global,4,,,Shadowspect,MountainGoat,23,Pyramids are Strange,EloiseauA,Pyramids are Strange~1
locate_shapes,Global,3,,,Shadowspect,MountainGoat,23,Pyramids are Strange,EloiseauA,Pyramids are Strange~1
action_seq,Global,2,,,Shadowspect,MountainGoat,23,Pyramids are Strange,EloiseauA,Pyramids are Strange~1
prim_shapes,Global,2,,,Shadowspect,MountainGoat,28,Angled Silhouette,EloiseauA,Angled Silhouette~2
cam_perspective,Global,2,,,Shadowspect,MountainGoat,28,Angled Silhouette,EloiseauA,Angled Silhouette~2
snapshots,Global,3,,,Shadowspect,MountainGoat,28,Angled Silhouette,EloiseauA,Angled Silhouette~2
rotation,Global,1,,,Shadowspect,MountainGoat,28,Angled Silhouette,EloiseauA,Angled Silhouette~2
scale_shapes,Global,1,,,Shadowspect,MountainGoat,28,Angled Silhouette,EloiseauA,Angled Silhouette~2
locate_shapes,Global,2,,,Shadowspect,MountainGoat,28,Angled Silhouette,EloiseauA,Angled Silhouette~2
action_seq,Global,2,,,Shadowspect,MountainGoat,28,Angled Silhouette,EloiseauA,Angled Silhouette~2
rotation,Global,2,,,Shadowspect,purple_panther,14,Bird Fez,EloiseauA,Bird Fez~1
cam_perspective,Global,3,,,Shadowspect,purple_panther,14,Bird Fez,EloiseauA,Bird Fez~1
snapshots,Global,2,,,Shadowspect,purple_panther,14,Bird Fez,EloiseauA,Bird Fez~1
scale_shapes,Global,4,,,Shadowspect,purple_panther,14,Bird Fez,EloiseauA,Bird Fez~1
locate_shapes,Global,3,,,Shadowspect,purple_panther,14,Bird Fez,EloiseauA,Bird Fez~1
action_seq,Global,2,,,Shadowspect,purple_panther,14,Bird Fez,EloiseauA,Bird Fez~1
rotation,Global,0,,,Shadowspect,purple_panther,15,Pi Henge,EloiseauA,Pi Henge~1
cam_perspective,Global,4,,,Shadowspect,purple_panther,15,Pi Henge,EloiseauA,Pi Henge~1
snapshots,Global,4,,,Shadowspect,purple_panther,15,Pi Henge,EloiseauA,Pi Henge~1
prim_shapes,Global,3,,,Shadowspect,purple_panther,15,Pi Henge,EloiseauA,Pi Henge~1
scale_shapes,Global,3,,,Shadowspect,purple_panther,15,Pi Henge,EloiseauA,Pi Henge~1
locate_shapes,Global,4,,,Shadowspect,purple_panther,15,Pi Henge,EloiseauA,Pi Henge~1
action_seq,Global,4,,,Shadowspect,purple_panther,15,Pi Henge,EloiseauA,Pi Henge~1
rotation,Global,4,,,Shadowspect,purple_panther,22,Angled Silhouette,EloiseauA,Angled Silhouette~1
cam_perspective,Global,3,,,Shadowspect,purple_panther,22,Angled Silhouette,EloiseauA,Angled Silhouette~1
snapshots,Global,4,,,Shadowspect,purple_panther,22,Angled Silhouette,EloiseauA,Angled Silhouette~1
prim_shapes,Global,4,,,Shadowspect,purple_panther,22,Angled Silhouette,EloiseauA,Angled Silhouette~1
scale_shapes,Global,4,,,Shadowspect,purple_panther,22,Angled Silhouette,EloiseauA,Angled Silhouette~1
locate_shapes,Global,4,,,Shadowspect,purple_panther,22,Angled Silhouette,EloiseauA,Angled Silhouette~1
action_seq,Global,4,,,Shadowspect,purple_panther,22,Angled Silhouette,EloiseauA,Angled Silhouette~1
rotation,Global,4,,,Shadowspect,immawalkmyfish,14,Bird Fez,EloiseauA,Bird Fez~1
cam_perspective,Global,3,,,Shadowspect,immawalkmyfish,14,Bird Fez,EloiseauA,Bird Fez~1
snapshots,Global,4,,,Shadowspect,immawalkmyfish,14,Bird Fez,EloiseauA,Bird Fez~1
prim_shapes,Global,4,,,Shadowspect,immawalkmyfish,14,Bird Fez,EloiseauA,Bird Fez~1
scale_shapes,Global,4,,,Shadowspect,immawalkmyfish,14,Bird Fez,EloiseauA,Bird Fez~1
locate_shapes,Global,2,,,Shadowspect,immawalkmyfish,14,Bird Fez,EloiseauA,Bird Fez~1
action_seq,Global,3,,,Shadowspect,immawalkmyfish,14,Bird Fez,EloiseauA,Bird Fez~1
rotation,Global,1,,,Shadowspect,immawalkmyfish,15,Pi Henge,EloiseauA,Pi Henge~1
cam_perspective,Global,3,,,Shadowspect,immawalkmyfish,15,Pi Henge,EloiseauA,Pi Henge~1
snapshots,Global,4,,,Shadowspect,immawalkmyfish,15,Pi Henge,EloiseauA,Pi Henge~1
prim_shapes,Global,4,,,Shadowspect,immawalkmyfish,15,Pi Henge,EloiseauA,Pi Henge~1
scale_shapes,Global,4,,,Shadowspect,immawalkmyfish,15,Pi Henge,EloiseauA,Pi Henge~1
locate_shapes,Global,4,,,Shadowspect,immawalkmyfish,15,Pi Henge,EloiseauA,Pi Henge~1
action_seq,Global,3,,,Shadowspect,immawalkmyfish,15,Pi Henge,EloiseauA,Pi Henge~1
rotation,Global,4,,,Shadowspect,immawalkmyfish,17,45-Degree Rotations,EloiseauA,45-Degree Rotations~1
cam_perspective,Global,4,,,Shadowspect,immawalkmyfish,17,45-Degree Rotations,EloiseauA,45-Degree Rotations~1
snapshots,Global,4,,,Shadowspect,immawalkmyfish,17,45-Degree Rotations,EloiseauA,45-Degree Rotations~1
prim_shapes,Global,0,,,Shadowspect,immawalkmyfish,17,45-Degree Rotations,EloiseauA,45-Degree Rotations~1
scale_shapes,Global,0,,,Shadowspect,immawalkmyfish,17,45-Degree Rotations,EloiseauA,45-Degree Rotations~1
locate_shapes,Global,4,,,Shadowspect,immawalkmyfish,17,45-Degree Rotations,EloiseauA,45-Degree Rotations~1
action_seq,Global,3,,,Shadowspect,immawalkmyfish,17,45-Degree Rotations,EloiseauA,45-Degree Rotations~1
rotation,Global,3,,,Shadowspect,immawalkmyfish,18,Pyramids are Strange,EloiseauA,Pyramids are Strange~1
cam_perspective,Global,1,,,Shadowspect,immawalkmyfish,18,Pyramids are Strange,EloiseauA,Pyramids are Strange~1
snapshots,Global,1,,,Shadowspect,immawalkmyfish,18,Pyramids are Strange,EloiseauA,Pyramids are Strange~1
prim_shapes,Global,0,,,Shadowspect,immawalkmyfish,18,Pyramids are Strange,EloiseauA,Pyramids are Strange~1
scale_shapes,Global,4,,,Shadowspect,immawalkmyfish,18,Pyramids are Strange,EloiseauA,Pyramids are Strange~1
locate_shapes,Global,4,,,Shadowspect,immawalkmyfish,18,Pyramids are Strange,EloiseauA,Pyramids are Strange~1
action_seq,Global,3,,,Shadowspect,immawalkmyfish,18,Pyramids are Strange,EloiseauA,Pyramids are Strange~1
rotation,Global,0,,,Shadowspect,fluffyunicorn,21,Pi Henge,EloiseauA,Pi Henge~1
cam_perspective,Global,3,,,Shadowspect,fluffyunicorn,21,Pi Henge,EloiseauA,Pi Henge~1
snapshots,Global,3,,,Shadowspect,fluffyunicorn,21,Pi Henge,EloiseauA,Pi Henge~1
prim_shapes,Global,4,,,Shadowspect,fluffyunicorn,21,Pi Henge,EloiseauA,Pi Henge~1
scale_shapes,Global,4,,,Shadowspect,fluffyunicorn,21,Pi Henge,EloiseauA,Pi Henge~1
locate_shapes,Global,4,,,Shadowspect,fluffyunicorn,21,Pi Henge,EloiseauA,Pi Henge~1
action_seq,Global,4,,,Shadowspect,fluffyunicorn,21,Pi Henge,EloiseauA,Pi Henge~1
prim_shapes,Global,4,,,Shadowspect,purple_panther,14,Bird Fez,EloiseauA,Bird Fez~1
rotation,Global,3,,,Shadowspect,redbed,112,Bird Fez,VeraD,Bird Fez~2
cam_perspective,Global,4,,,Shadowspect,redbed,112,Bird Fez,VeraD,Bird Fez~2
snapshots,Global,4,,,Shadowspect,redbed,112,Bird Fez,VeraD,Bird Fez~2
prim_shapes,Global,4,,,Shadowspect,redbed,112,Bird Fez,VeraD,Bird Fez~2
scale_shapes,Global,4,,,Shadowspect,redbed,112,Bird Fez,VeraD,Bird Fez~2
locate_shapes,Global,3,,,Shadowspect,redbed,112,Bird Fez,VeraD,Bird Fez~2
action_seq,Global,3,,,Shadowspect,redbed,112,Bird Fez,VeraD,Bird Fez~2
rotation,Global,4,,,Shadowspect,redbed,119,45-Degree Rotations,VeraD,45-Degree Rotations~5
cam_perspective,Global,2,,,Shadowspect,redbed,119,45-Degree Rotations,VeraD,45-Degree Rotations~5
snapshots,Global,4,,,Shadowspect,redbed,119,45-Degree Rotations,VeraD,45-Degree Rotations~5
prim_shapes,Global,0,,,Shadowspect,redbed,119,45-Degree Rotations,VeraD,45-Degree Rotations~5
scale_shapes,Global,0,,,Shadowspect,redbed,119,45-Degree Rotations,VeraD,45-Degree Rotations~5
locate_shapes,Global,4,,,Shadowspect,redbed,119,45-Degree Rotations,VeraD,45-Degree Rotations~5
action_seq,Global,4,,,Shadowspect,redbed,119,45-Degree Rotations,VeraD,45-Degree Rotations~5
rotation,Global,0,,,Shadowspect,redbed,121,Pi Henge,VeraD,Pi Henge~4
cam_perspective,Global,3,,,Shadowspect,redbed,121,Pi Henge,VeraD,Pi Henge~4
snapshots,Global,4,,,Shadowspect,redbed,121,Pi Henge,VeraD,Pi Henge~4
prim_shapes,Global,4,,,Shadowspect,redbed,121,Pi Henge,VeraD,Pi Henge~4
scale_shapes,Global,4,,,Shadowspect,redbed,121,Pi Henge,VeraD,Pi Henge~4
locate_shapes,Global,4,,,Shadowspect,redbed,121,Pi Henge,VeraD,Pi Henge~4
action_seq,Global,3,,,Shadowspect,redbed,121,Pi Henge,VeraD,Pi Henge~4
rotation,Global,4,,,Shadowspect,bobatea444,96,45-Degree Rotations,VeraC,45-Degree Rotations~8
cam_perspective,Global,3,,,Shadowspect,bobatea444,96,45-Degree Rotations,VeraC,45-Degree Rotations~8
snapshots,Global,3,,,Shadowspect,bobatea444,96,45-Degree Rotations,VeraC,45-Degree Rotations~8
prim_shapes,Global,0,,,Shadowspect,bobatea444,96,45-Degree Rotations,VeraC,45-Degree Rotations~8
scale_shapes,Global,0,,,Shadowspect,bobatea444,96,45-Degree Rotations,VeraC,45-Degree Rotations~8
locate_shapes,Global,4,,,Shadowspect,bobatea444,96,45-Degree Rotations,VeraC,45-Degree Rotations~8
action_seq,Global,3,,,Shadowspect,bobatea444,96,45-Degree Rotations,VeraC,45-Degree Rotations~8
rotation,Global,4,,,Shadowspect,Jin Mori,11,Bird Fez,VeraC,Bird Fez~1
cam_perspective,Global,3,,,Shadowspect,Jin Mori,11,Bird Fez,VeraC,Bird Fez~1
snapshots,Global,4,,,Shadowspect,Jin Mori,11,Bird Fez,VeraC,Bird Fez~1
prim_shapes,Global,4,,,Shadowspect,Jin Mori,11,Bird Fez,VeraC,Bird Fez~1
scale_shapes,Global,3,,,Shadowspect,Jin Mori,11,Bird Fez,VeraC,Bird Fez~1
locate_shapes,Global,3,,,Shadowspect,Jin Mori,11,Bird Fez,VeraC,Bird Fez~1
action_seq,Global,3,,,Shadowspect,Jin Mori,11,Bird Fez,VeraC,Bird Fez~1